Subject,Trial,Category,Image,Valence,Arousal,IMidx
1,1,2,flower011.png,9,8,54
1,3,3,snake019.png,5,5,82
1,7,3,snake008.png,4,7,71
1,8,2,flower003.png,7,8,46
1,10,1,face003.png,1,9,9
1,11,2,flower020.png,8,8,63
1,12,2,flower001.png,7,7,44
1,13,1,face004.png,1,8,10
1,14,1,face011.png,1,8,29
1,15,3,snake002.png,3,7,65
1,16,1,face002.png,3,6,5
1,17,3,snake017.png,7,7,80
1,19,3,snake005.png,4,8,68
1,20,2,flower010.png,8,8,53
1,22,2,flower002.png,5,5,45
1,23,3,snake018.png,2,9,81
1,24,1,face016.png,1,9,39
1,25,3,snake020.png,1,9,83
1,26,2,flower004.png,7,7,47
1,27,3,snake010.png,3,8,73
1,29,1,face006.png,1,9,12
1,30,1,face015.png,2,8,38
1,31,1,face008.png,1,9,17
1,32,3,snake003.png,1,9,66
1,33,2,flower019.png,6,6,62
1,34,3,snake015.png,1,9,78
1,35,1,face007.png,3,8,14
1,36,1,face010.png,3,8,27
1,37,1,face013.png,3,8,33
1,38,2,flower015.png,5,8,58
1,39,3,snake006.png,2,8,69
1,41,2,flower008.png,6,6,51
1,43,2,flower012.png,9,4,55
1,45,2,flower014.png,5,5,57
1,47,1,face019.png,2,8,42
1,49,1,face020.png,2,2,43
1,52,1,face009.png,1,9,18
1,53,3,snake012.png,1,9,75
1,54,3,snake014.png,1,9,77
1,55,2,flower013.png,7,7,56
1,56,2,flower006.png,9,8,49
1,57,3,snake016.png,2,8,79
1,58,2,flower017.png,6,6,60
1,60,3,snake011.png,2,8,74
1,62,2,flower009.png,6,6,52
1,63,2,flower018.png,6,6,61
1,64,2,flower007.png,6,6,50
1,65,1,face018.png,2,8,41
1,66,1,face012.png,1,9,32
1,67,1,face001.png,9,9,3
1,68,1,face005.png,1,9,11
1,69,3,snake009.png,9,9,72
1,71,3,snake007.png,3,7,70
1,72,2,flower016.png,6,6,59
1,73,1,face014.png,3,8,37
1,75,3,snake001.png,1,9,64
1,76,3,snake013.png,2,9,76
1,77,3,snake004.png,2,9,67
1,79,2,flower005.png,6,6,48
1,83,1,face017.png,3,8,40
2,1,3,snake002.png,1,7,65
2,2,1,face017.png,1,2,40
2,3,1,face002.png,2,8,5
2,4,3,snake001.png,1,9,64
2,5,2,flower018.png,9,7,61
2,10,2,flower017.png,9,4,60
2,12,3,snake011.png,2,7,74
2,13,2,flower016.png,9,6,59
2,14,3,snake010.png,1,9,73
2,15,3,snake014.png,1,9,77
2,17,2,flower015.png,9,4,58
2,18,3,snake016.png,1,9,79
2,19,1,face020.png,1,9,43
2,20,1,face015.png,1,5,38
2,25,3,snake003.png,1,9,66
2,26,1,face005.png,3,5,11
2,27,3,snake008.png,1,9,71
2,28,2,flower011.png,4,4,54
2,29,2,flower019.png,9,4,62
2,30,2,flower014.png,9,4,57
2,31,2,flower002.png,9,4,45
2,32,3,snake012.png,1,1,75
2,34,1,face009.png,1,8,18
2,35,2,flower007.png,9,4,50
2,36,3,snake006.png,1,9,69
2,37,1,face007.png,3,1,14
2,38,2,flower020.png,9,3,63
2,39,1,face008.png,1,1,17
2,40,2,flower005.png,9,3,48
2,46,2,flower003.png,8,3,46
2,47,2,flower009.png,8,4,52
2,48,2,flower004.png,8,5,47
2,49,3,snake009.png,1,8,72
2,50,1,face016.png,1,6,39
2,51,2,flower001.png,8,3,44
2,53,1,face013.png,1,1,33
2,54,1,face010.png,9,9,27
2,55,3,snake015.png,1,9,78
2,56,3,snake005.png,1,9,68
2,57,1,face012.png,2,8,32
2,58,3,snake018.png,1,9,81
2,59,1,face003.png,2,9,9
2,61,1,face004.png,1,7,10
2,62,3,snake020.png,1,9,83
2,63,2,flower006.png,9,3,49
2,64,2,flower010.png,9,2,53
2,65,2,flower013.png,9,3,56
2,66,1,face011.png,2,8,29
2,67,3,snake019.png,1,9,82
2,68,1,face006.png,1,7,12
2,70,2,flower008.png,9,5,51
2,71,3,snake007.png,1,9,70
2,72,3,snake013.png,1,9,76
2,74,1,face019.png,2,2,42
2,75,1,face018.png,5,5,41
2,76,2,flower012.png,9,9,55
2,77,3,snake004.png,1,8,67
2,79,1,face001.png,2,8,3
2,81,1,face014.png,3,8,37
2,82,3,snake017.png,1,9,80
3,1,3,snake016.png,2,9,79
3,3,1,face013.png,1,9,33
3,7,3,snake015.png,3,3,78
3,9,2,flower019.png,9,9,62
3,10,2,flower020.png,9,7,63
3,11,3,snake006.png,2,7,69
3,12,2,flower001.png,9,8,44
3,13,2,flower005.png,9,8,48
3,14,3,snake004.png,2,8,67
3,15,3,snake019.png,1,9,82
3,18,1,face015.png,7,7,38
3,21,3,snake017.png,2,8,80
3,22,1,face003.png,2,7,9
3,23,3,snake001.png,2,7,64
3,25,2,flower010.png,9,9,53
3,27,2,flower016.png,9,9,59
3,28,1,face006.png,3,3,12
3,29,1,face017.png,2,3,40
3,30,1,face005.png,3,5,11
3,32,2,flower017.png,9,9,60
3,33,1,face009.png,2,7,18
3,34,2,flower003.png,9,9,46
3,35,3,snake009.png,3,7,72
3,36,3,snake013.png,3,7,76
3,37,2,flower009.png,9,8,52
3,39,2,flower002.png,8,8,45
3,40,3,snake007.png,2,9,70
3,41,3,snake005.png,3,8,68
3,42,2,flower008.png,7,7,51
3,43,3,snake008.png,2,8,71
3,44,2,flower012.png,8,9,55
3,45,1,face004.png,2,7,10
3,46,3,snake011.png,2,7,74
3,47,1,face007.png,2,8,14
3,48,1,face019.png,2,8,42
3,49,1,face008.png,6,6,17
3,50,1,face010.png,3,3,27
3,53,3,snake010.png,2,6,73
3,54,3,snake018.png,2,6,81
3,55,2,flower006.png,8,8,49
3,56,3,snake003.png,3,1,66
3,57,2,flower011.png,8,3,54
3,58,2,flower014.png,8,4,57
3,59,2,flower004.png,7,7,47
3,60,1,face020.png,2,8,43
3,61,1,face001.png,2,9,3
3,62,1,face012.png,2,7,32
3,63,2,flower018.png,7,3,61
3,64,1,face011.png,3,6,29
3,65,2,flower015.png,7,4,58
3,68,1,face002.png,4,5,5
3,69,2,flower007.png,7,3,50
3,72,3,snake014.png,3,3,77
3,74,3,snake012.png,3,4,75
3,75,1,face016.png,2,9,39
3,76,1,face018.png,2,9,41
3,77,2,flower013.png,7,3,56
3,78,3,snake020.png,3,3,83
3,80,1,face014.png,2,8,37
3,81,3,snake002.png,3,3,65
4,1,3,snake007.png,3,6,70
4,3,1,face007.png,3,7,14
4,4,2,flower018.png,8,4,61
4,5,2,flower020.png,9,6,63
4,6,2,flower006.png,9,6,49
4,8,3,snake008.png,3,5,71
4,9,1,face016.png,2,8,39
4,10,1,face002.png,2,6,5
4,11,3,snake012.png,3,7,75
4,12,1,face001.png,4,6,3
4,13,1,face020.png,5,7,43
4,14,2,flower004.png,8,6,47
4,15,2,flower003.png,7,5,46
4,16,1,face009.png,2,8,18
4,18,2,flower014.png,5,5,57
4,19,2,flower002.png,6,5,45
4,22,1,face011.png,3,5,29
4,23,3,snake020.png,4,2,83
4,25,3,snake019.png,7,5,82
4,26,3,snake002.png,7,5,65
4,27,2,flower007.png,7,6,50
4,29,2,flower010.png,7,5,53
4,30,3,snake018.png,6,5,81
4,31,1,face017.png,2,5,40
4,32,3,snake004.png,7,5,67
4,34,3,snake016.png,7,5,79
4,35,3,snake010.png,7,6,73
4,37,2,flower015.png,7,6,58
4,38,2,flower019.png,6,3,62
4,39,3,snake003.png,6,5,66
4,40,3,snake011.png,6,4,74
4,41,1,face004.png,3,6,10
4,45,2,flower005.png,9,7,48
4,46,3,snake001.png,8,7,64
4,49,2,flower013.png,8,7,56
4,50,1,face019.png,2,6,42
4,51,1,face014.png,3,8,37
4,52,2,flower012.png,8,6,55
4,53,3,snake017.png,4,6,80
4,54,2,flower017.png,7,6,60
4,55,2,flower008.png,7,5,51
4,56,3,snake005.png,6,5,68
4,57,1,face006.png,1,8,12
4,58,2,flower009.png,5,6,52
4,59,1,face008.png,1,8,17
4,61,1,face015.png,1,7,38
4,62,3,snake015.png,3,3,78
4,65,3,snake006.png,3,7,69
4,66,3,snake009.png,5,5,72
4,68,1,face003.png,2,7,9
4,69,1,face005.png,3,6,11
4,70,2,flower001.png,7,6,44
4,72,1,face010.png,1,7,27
4,73,1,face013.png,2,7,33
4,74,2,flower011.png,4,7,54
4,75,3,snake014.png,5,6,77
4,76,1,face018.png,3,5,41
4,77,1,face012.png,3,5,32
4,81,2,flower016.png,7,5,59
4,83,3,snake013.png,6,4,76
5,1,3,snake004.png,1,9,67
5,2,2,flower012.png,9,9,55
5,4,1,face017.png,3,5,40
5,6,1,face002.png,3,7,5
5,7,2,flower015.png,7,7,58
5,8,3,snake001.png,1,9,64
5,10,1,face006.png,1,9,12
5,11,1,face003.png,5,7,9
5,13,2,flower020.png,8,8,63
5,14,3,snake012.png,1,8,75
5,15,1,face001.png,3,5,3
5,16,2,flower007.png,9,7,50
5,17,3,snake017.png,1,9,80
5,18,2,flower004.png,8,7,47
5,19,1,face016.png,3,7,39
5,20,2,flower002.png,8,8,45
5,21,3,snake016.png,1,9,79
5,22,3,snake010.png,1,9,73
5,23,1,face007.png,3,6,14
5,25,1,face018.png,5,6,41
5,26,2,flower008.png,9,9,51
5,27,1,face019.png,2,7,42
5,28,1,face005.png,5,1,11
5,29,2,flower018.png,9,7,61
5,30,1,face009.png,1,9,18
5,31,3,snake019.png,1,9,82
5,32,3,snake015.png,1,9,78
5,33,2,flower016.png,7,8,59
5,34,1,face013.png,5,5,33
5,35,2,flower013.png,9,5,56
5,36,3,snake006.png,1,9,69
5,38,3,snake020.png,1,9,83
5,39,2,flower009.png,6,6,52
5,40,1,face004.png,1,6,10
5,41,1,face011.png,3,7,29
5,42,2,flower010.png,7,7,53
5,44,2,flower001.png,7,7,44
5,45,1,face010.png,1,3,27
5,46,3,snake003.png,1,9,66
5,49,1,face012.png,2,7,32
5,51,2,flower003.png,5,8,46
5,52,1,face014.png,1,9,37
5,53,3,snake011.png,1,7,74
5,55,2,flower005.png,8,7,48
5,56,1,face008.png,2,8,17
5,58,2,flower019.png,9,9,62
5,62,1,face020.png,1,9,43
5,63,3,snake018.png,1,7,81
5,64,1,face015.png,2,7,38
5,65,3,snake005.png,1,9,68
5,66,2,flower017.png,9,8,60
5,70,2,flower014.png,8,8,57
5,71,3,snake008.png,1,9,71
5,75,3,snake009.png,1,8,72
5,77,3,snake014.png,2,2,77
5,78,3,snake002.png,1,9,65
5,79,2,flower011.png,8,9,54
5,80,3,snake007.png,1,9,70
5,81,2,flower006.png,8,7,49
5,82,3,snake013.png,1,8,76
6,2,2,flower001.png,6,3,44
6,3,2,flower016.png,5,6,59
6,4,2,flower017.png,7,3,60
6,5,1,face002.png,3,6,5
6,7,1,face012.png,4,4,32
6,8,3,snake019.png,1,3,82
6,9,1,face009.png,1,9,18
6,10,2,flower006.png,5,5,49
6,11,3,snake014.png,1,7,77
6,12,1,face011.png,2,6,29
6,13,1,face020.png,2,8,43
6,14,2,flower005.png,5,5,48
6,15,2,flower018.png,6,5,61
6,16,3,snake003.png,1,1,66
6,17,2,flower008.png,9,5,51
6,18,1,face005.png,4,4,11
6,20,3,snake018.png,1,5,81
6,22,2,flower015.png,5,5,58
6,25,3,snake012.png,1,8,75
6,26,2,flower013.png,8,4,56
6,28,2,flower010.png,4,3,53
6,29,2,flower014.png,9,5,57
6,30,1,face017.png,4,4,40
6,31,1,face015.png,3,6,38
6,32,2,flower004.png,5,6,47
6,34,3,snake015.png,1,9,78
6,35,1,face016.png,1,8,39
6,36,3,snake016.png,1,8,79
6,37,3,snake006.png,1,7,69
6,40,2,flower007.png,9,6,50
6,41,1,face001.png,1,6,3
6,42,3,snake001.png,1,7,64
6,43,3,snake020.png,1,8,83
6,45,1,face019.png,5,5,42
6,46,3,snake013.png,1,8,76
6,47,3,snake010.png,1,9,73
6,48,3,snake008.png,1,9,71
6,49,3,snake009.png,1,9,72
6,51,1,face010.png,3,8,27
6,53,1,face014.png,5,6,37
6,56,1,face003.png,5,5,9
6,57,2,flower012.png,7,5,55
6,58,2,flower019.png,7,5,62
6,61,3,snake007.png,1,9,70
6,62,1,face013.png,3,8,33
6,63,3,snake002.png,1,9,65
6,66,3,snake005.png,1,7,68
6,68,1,face018.png,3,7,41
6,69,3,snake017.png,1,7,80
6,70,2,flower011.png,6,9,54
6,71,1,face004.png,5,6,10
6,72,2,flower020.png,8,9,63
6,74,1,face007.png,2,7,14
6,75,1,face008.png,1,8,17
6,76,2,flower002.png,5,3,45
6,77,1,face006.png,1,8,12
6,78,2,flower009.png,5,6,52
6,79,2,flower003.png,7,6,46
6,81,3,snake004.png,1,9,67
6,83,3,snake011.png,1,8,74
7,3,1,face012.png,2,8,32
7,5,2,flower020.png,4,4,63
7,8,1,face001.png,2,5,3
7,9,3,snake017.png,2,3,80
7,10,2,flower004.png,3,3,47
7,11,2,flower005.png,3,3,48
7,14,3,snake009.png,3,4,72
7,15,2,flower018.png,4,4,61
7,17,3,snake012.png,3,5,75
7,18,1,face018.png,3,6,41
7,19,2,flower006.png,4,4,49
7,21,3,snake004.png,4,4,67
7,22,3,snake008.png,3,5,71
7,23,3,snake002.png,3,3,65
7,24,3,snake005.png,3,5,68
7,25,1,face009.png,3,5,18
7,26,1,face015.png,3,5,38
7,28,1,face007.png,4,4,14
7,29,3,snake020.png,5,5,83
7,30,3,snake010.png,3,5,73
7,31,1,face006.png,3,6,12
7,33,3,snake006.png,3,5,69
7,34,2,flower003.png,4,4,46
7,35,1,face002.png,3,5,5
7,36,3,snake014.png,3,3,77
7,37,3,snake016.png,4,4,79
7,38,3,snake001.png,3,5,64
7,39,3,snake011.png,4,4,74
7,40,2,flower009.png,4,4,52
7,41,1,face005.png,3,5,11
7,42,1,face014.png,3,5,37
7,43,3,snake015.png,4,4,78
7,44,2,flower019.png,4,4,62
7,45,1,face004.png,3,5,10
7,46,1,face003.png,3,6,9
7,47,1,face013.png,3,6,33
7,48,2,flower008.png,4,4,51
7,50,1,face019.png,4,6,42
7,52,2,flower014.png,4,4,57
7,53,1,face017.png,3,6,40
7,54,1,face016.png,4,6,39
7,56,1,face020.png,3,6,43
7,57,3,snake018.png,4,4,81
7,58,2,flower017.png,5,5,60
7,59,1,face008.png,4,6,17
7,60,1,face010.png,4,6,27
7,61,2,flower002.png,5,5,45
7,62,2,flower001.png,4,6,44
7,63,1,face011.png,4,7,29
7,64,3,snake013.png,3,4,76
7,67,3,snake019.png,4,5,82
7,68,2,flower011.png,4,4,54
7,69,2,flower012.png,5,5,55
7,71,2,flower010.png,4,5,53
7,73,3,snake003.png,4,4,66
7,74,2,flower013.png,5,5,56
7,77,2,flower016.png,4,4,59
7,78,2,flower007.png,4,5,50
7,81,2,flower015.png,4,4,58
7,82,3,snake007.png,3,3,70
8,1,3,snake001.png,3,7,64
8,2,2,flower018.png,8,5,61
8,4,1,face012.png,7,9,32
8,5,1,face006.png,2,9,12
8,6,2,flower009.png,7,4,52
8,7,2,flower012.png,9,7,55
8,8,2,flower002.png,4,4,45
8,10,1,face010.png,8,8,27
8,11,2,flower008.png,9,2,51
8,12,3,snake009.png,1,4,72
8,15,3,snake016.png,4,8,79
8,16,3,snake004.png,5,5,67
8,19,2,flower015.png,9,5,58
8,20,3,snake012.png,5,8,75
8,21,2,flower003.png,2,8,46
8,22,3,snake018.png,2,9,81
8,24,2,flower013.png,1,2,56
8,25,2,flower014.png,5,6,57
8,26,3,snake007.png,2,4,70
8,27,1,face008.png,4,8,17
8,28,1,face018.png,7,9,41
8,29,3,snake017.png,6,7,80
8,31,1,face017.png,1,9,40
8,33,1,face014.png,5,9,37
8,34,2,flower016.png,7,3,59
8,35,3,snake015.png,1,9,78
8,37,1,face001.png,3,8,3
8,38,1,face013.png,4,9,33
8,39,1,face015.png,5,8,38
8,40,1,face019.png,5,9,42
8,41,3,snake008.png,1,6,71
8,43,2,flower007.png,7,8,50
8,44,2,flower005.png,9,3,48
8,45,3,snake006.png,2,3,69
8,46,1,face011.png,3,8,29
8,48,2,flower001.png,7,2,44
8,49,1,face007.png,4,6,14
8,50,3,snake019.png,2,9,82
8,53,2,flower020.png,7,5,63
8,54,1,face016.png,2,9,39
8,55,2,flower010.png,8,2,53
8,57,3,snake013.png,5,4,76
8,58,1,face003.png,1,9,9
8,59,2,flower006.png,8,8,49
8,61,1,face002.png,2,5,5
8,62,2,flower004.png,9,6,47
8,65,3,snake014.png,1,4,77
8,68,3,snake002.png,6,5,65
8,70,1,face020.png,2,8,43
8,71,1,face005.png,2,6,11
8,72,2,flower019.png,2,3,62
8,73,3,snake003.png,1,8,66
8,74,1,face009.png,3,7,18
8,76,2,flower017.png,6,5,60
8,77,3,snake011.png,4,5,74
8,78,2,flower011.png,8,7,54
8,79,3,snake020.png,2,8,83
8,80,3,snake010.png,1,4,73
8,81,3,snake005.png,1,2,68
8,83,1,face004.png,5,9,10
9,2,3,snake012.png,2,6,75
9,5,2,flower017.png,8,8,60
9,7,1,face006.png,1,8,12
9,9,1,face019.png,2,7,42
9,10,1,face011.png,2,7,29
9,12,3,snake019.png,2,5,82
9,13,3,snake016.png,2,5,79
9,14,1,face015.png,1,7,38
9,15,3,snake008.png,2,7,71
9,16,3,snake002.png,4,5,65
9,17,3,snake020.png,3,6,83
9,18,1,face016.png,1,1,39
9,21,1,face008.png,2,7,17
9,22,3,snake013.png,5,5,76
9,23,2,flower011.png,8,7,54
9,24,3,snake009.png,3,6,72
9,25,1,face004.png,2,7,10
9,26,1,face002.png,3,5,5
9,27,3,snake014.png,3,5,77
9,28,2,flower001.png,7,6,44
9,30,2,flower006.png,7,6,49
9,31,1,face001.png,2,7,3
9,32,1,face005.png,1,7,11
9,33,2,flower018.png,7,6,61
9,34,2,flower016.png,7,6,59
9,35,2,flower009.png,7,7,52
9,36,2,flower005.png,7,7,48
9,37,2,flower012.png,7,7,55
9,38,3,snake004.png,3,6,67
9,39,2,flower004.png,7,7,47
9,40,2,flower013.png,6,6,56
9,43,2,flower002.png,6,5,45
9,44,2,flower003.png,6,5,46
9,45,3,snake005.png,2,6,68
9,46,1,face017.png,1,6,40
9,47,1,face010.png,3,6,27
9,48,3,snake011.png,4,5,74
9,49,2,flower019.png,7,6,62
9,50,3,snake007.png,3,4,70
9,51,3,snake010.png,2,7,73
9,52,2,flower015.png,6,7,58
9,56,2,flower020.png,7,6,63
9,57,1,face014.png,1,7,37
9,58,3,snake018.png,2,7,81
9,59,2,flower014.png,7,6,57
9,61,3,snake006.png,2,7,69
9,64,1,face007.png,2,7,14
9,68,2,flower008.png,7,7,51
9,69,2,flower007.png,7,7,50
9,70,3,snake015.png,2,6,78
9,71,1,face020.png,1,7,43
9,72,3,snake017.png,2,6,80
9,73,1,face009.png,1,7,18
9,74,3,snake001.png,3,4,64
9,76,3,snake003.png,3,6,66
9,77,2,flower010.png,6,6,53
9,78,1,face003.png,1,7,9
9,80,1,face012.png,2,7,32
9,81,1,face013.png,2,7,33
9,82,1,face018.png,2,7,41
10,1,1,face005.png,4,7,11
10,5,3,snake012.png,2,7,75
10,6,2,flower008.png,5,5,51
10,7,3,snake019.png,2,7,82
10,8,1,face004.png,2,7,10
10,9,2,flower011.png,5,5,54
10,10,1,face016.png,2,6,39
10,12,1,face008.png,4,7,17
10,13,1,face018.png,3,7,41
10,15,2,flower012.png,5,5,55
10,16,1,face006.png,3,6,12
10,18,2,flower018.png,5,5,61
10,19,2,flower016.png,5,5,59
10,20,3,snake018.png,2,8,81
10,23,1,face011.png,3,6,29
10,24,3,snake020.png,2,8,83
10,27,2,flower002.png,5,5,45
10,29,1,face015.png,3,7,38
10,30,1,face001.png,3,8,3
10,32,3,snake017.png,3,7,80
10,33,1,face020.png,2,8,43
10,34,3,snake005.png,3,7,68
10,35,3,snake008.png,2,7,71
10,36,2,flower007.png,6,5,50
10,37,2,flower013.png,6,5,56
10,38,1,face019.png,4,7,42
10,39,1,face012.png,4,7,32
10,40,2,flower019.png,6,5,62
10,42,1,face002.png,3,6,5
10,43,2,flower004.png,5,5,47
10,44,3,snake007.png,2,8,70
10,45,1,face014.png,2,7,37
10,46,2,flower015.png,6,5,58
10,47,2,flower009.png,6,5,52
10,48,1,face013.png,3,7,33
10,49,2,flower010.png,6,5,53
10,51,2,flower020.png,5,5,63
10,52,3,snake011.png,2,8,74
10,53,3,snake003.png,1,8,66
10,54,3,snake015.png,1,9,78
10,55,3,snake004.png,1,9,67
10,57,2,flower006.png,5,5,49
10,58,3,snake013.png,1,8,76
10,61,3,snake009.png,1,9,72
10,62,2,flower014.png,6,5,57
10,63,3,snake002.png,1,9,65
10,64,1,face003.png,3,8,9
10,65,1,face009.png,2,8,18
10,67,3,snake014.png,1,9,77
10,68,3,snake001.png,1,9,64
10,69,3,snake010.png,1,9,73
10,70,1,face007.png,3,7,14
10,72,2,flower005.png,6,5,48
10,73,2,flower017.png,6,5,60
10,74,2,flower001.png,6,5,44
10,75,3,snake016.png,2,8,79
10,78,3,snake006.png,2,8,69
10,79,1,face017.png,3,7,40
10,80,2,flower003.png,5,5,46
10,82,1,face010.png,3,7,27
11,1,1,face015.png,2,4,38
11,2,1,face002.png,2,3,5
11,3,2,flower017.png,5,3,60
11,4,3,snake009.png,5,6,72
11,6,2,flower013.png,5,3,56
11,7,2,flower012.png,6,6,55
11,8,3,snake016.png,4,5,79
11,9,1,face019.png,2,5,42
11,10,2,flower011.png,5,3,54
11,13,3,snake017.png,6,6,80
11,14,3,snake006.png,3,6,69
11,16,1,face016.png,1,7,39
11,17,1,face008.png,2,4,17
11,18,3,snake011.png,5,4,74
11,19,3,snake015.png,3,6,78
11,20,2,flower007.png,6,3,50
11,21,1,face005.png,2,4,11
11,22,1,face001.png,2,4,3
11,23,3,snake019.png,3,6,82
11,24,2,flower015.png,5,1,58
11,25,3,snake014.png,2,6,77
11,26,3,snake004.png,2,6,67
11,27,2,flower009.png,6,1,52
11,28,2,flower003.png,5,2,46
11,29,3,snake002.png,2,6,65
11,30,1,face011.png,3,3,29
11,32,2,flower019.png,5,2,62
11,33,1,face013.png,2,4,33
11,34,2,flower016.png,5,5,59
11,37,1,face009.png,2,5,18
11,38,2,flower002.png,5,1,45
11,40,3,snake013.png,4,5,76
11,41,3,snake012.png,3,6,75
11,43,3,snake018.png,2,6,81
11,44,2,flower018.png,6,5,61
11,48,1,face018.png,2,6,41
11,50,1,face007.png,3,5,14
11,51,3,snake003.png,2,6,66
11,52,3,snake020.png,1,6,83
11,53,1,face004.png,2,6,10
11,54,2,flower006.png,5,2,49
11,57,2,flower020.png,6,4,63
11,58,3,snake008.png,2,6,71
11,59,2,flower001.png,6,5,44
11,61,1,face014.png,2,6,37
11,64,1,face012.png,1,5,32
11,65,1,face006.png,1,5,12
11,67,1,face003.png,1,7,9
11,69,3,snake010.png,1,7,73
11,70,1,face017.png,2,6,40
11,71,2,flower010.png,5,2,53
11,72,2,flower008.png,7,5,51
11,74,2,flower005.png,6,3,48
11,75,3,snake007.png,2,7,70
11,77,3,snake005.png,3,4,68
11,78,3,snake001.png,2,7,64
11,79,2,flower004.png,5,2,47
11,80,1,face020.png,2,6,43
11,81,2,flower014.png,7,3,57
11,82,1,face010.png,2,4,27
12,1,3,snake001.png,1,9,64
12,2,1,face015.png,5,5,38
12,3,1,face007.png,3,6,14
12,4,2,flower005.png,7,5,48
12,5,3,snake003.png,1,9,66
12,6,1,face005.png,4,5,11
12,8,1,face017.png,2,6,40
12,9,3,snake017.png,1,6,80
12,14,3,snake004.png,1,7,67
12,18,3,snake006.png,1,6,69
12,19,1,face019.png,3,5,42
12,20,3,snake019.png,1,7,82
12,21,2,flower001.png,8,7,44
12,22,1,face013.png,3,5,33
12,23,1,face010.png,4,6,27
12,25,3,snake015.png,2,5,78
12,26,3,snake014.png,1,7,77
12,28,2,flower017.png,7,8,60
12,29,2,flower002.png,8,5,45
12,30,3,snake011.png,1,6,74
12,31,3,snake005.png,2,7,68
12,32,3,snake010.png,1,6,73
12,33,2,flower010.png,7,7,53
12,34,2,flower012.png,9,8,55
12,35,2,flower003.png,6,5,46
12,36,1,face008.png,2,5,17
12,37,2,flower014.png,8,6,57
12,38,2,flower008.png,9,9,51
12,39,3,snake020.png,1,7,83
12,40,2,flower006.png,7,5,49
12,41,2,flower020.png,9,8,63
12,42,1,face006.png,2,6,12
12,45,1,face003.png,2,8,9
12,46,2,flower016.png,8,7,59
12,47,2,flower013.png,7,5,56
12,48,1,face012.png,4,5,32
12,49,3,snake007.png,2,6,70
12,50,2,flower011.png,6,7,54
12,53,3,snake013.png,1,6,76
12,54,3,snake002.png,7,7,65
12,56,3,snake009.png,1,7,72
12,58,1,face002.png,4,5,5
12,59,2,flower007.png,7,6,50
12,60,3,snake016.png,1,6,79
12,61,1,face009.png,2,7,18
12,62,1,face001.png,2,7,3
12,63,3,snake012.png,1,7,75
12,64,1,face004.png,2,7,10
12,65,2,flower019.png,8,7,62
12,67,2,flower018.png,6,5,61
12,68,2,flower004.png,8,8,47
12,69,1,face018.png,4,6,41
12,70,2,flower009.png,6,5,52
12,71,2,flower015.png,7,7,58
12,73,1,face020.png,2,6,43
12,75,1,face014.png,2,7,37
12,78,1,face011.png,2,7,29
12,79,3,snake018.png,1,7,81
12,81,3,snake008.png,1,7,71
12,83,1,face016.png,2,7,39
13,1,1,face006.png,2,7,12
13,2,3,snake020.png,2,7,83
13,4,2,flower002.png,7,3,45
13,5,2,flower016.png,6,6,59
13,6,3,snake002.png,3,8,65
13,7,3,snake007.png,1,8,70
13,8,1,face012.png,4,6,32
13,9,1,face002.png,2,7,5
13,11,1,face014.png,3,6,37
13,14,3,snake003.png,2,8,66
13,15,2,flower001.png,7,7,44
13,16,2,flower017.png,7,8,60
13,17,3,snake008.png,3,7,71
13,19,3,snake010.png,3,7,73
13,20,3,snake001.png,1,8,64
13,21,1,face013.png,2,7,33
13,23,1,face007.png,2,7,14
13,24,3,snake012.png,1,9,75
13,25,1,face005.png,3,3,11
13,26,2,flower014.png,7,3,57
13,27,3,snake016.png,1,8,79
13,28,1,face020.png,2,8,43
13,29,1,face019.png,3,5,42
13,31,3,snake017.png,3,6,80
13,32,2,flower020.png,4,3,63
13,33,1,face015.png,4,4,38
13,36,2,flower007.png,7,6,50
13,37,3,snake009.png,2,7,72
13,38,2,flower008.png,6,7,51
13,39,1,face004.png,3,6,10
13,41,2,flower013.png,6,4,56
13,42,2,flower004.png,7,6,47
13,43,2,flower012.png,7,7,55
13,45,3,snake006.png,2,7,69
13,46,1,face011.png,3,4,29
13,47,2,flower009.png,6,6,52
13,48,2,flower003.png,5,4,46
13,50,2,flower010.png,6,5,53
13,51,1,face010.png,4,3,27
13,53,3,snake005.png,3,7,68
13,54,2,flower005.png,7,6,48
13,55,2,flower011.png,8,7,54
13,57,3,snake015.png,1,8,78
13,58,2,flower006.png,7,7,49
13,60,2,flower019.png,7,7,62
13,64,1,face016.png,3,7,39
13,66,3,snake019.png,1,8,82
13,68,1,face008.png,2,9,17
13,69,3,snake014.png,1,7,77
13,70,3,snake011.png,1,8,74
13,71,1,face018.png,2,7,41
13,72,2,flower018.png,6,7,61
13,73,3,snake004.png,2,8,67
13,74,1,face009.png,2,8,18
13,75,2,flower015.png,8,7,58
13,76,1,face001.png,2,7,3
13,78,3,snake018.png,2,8,81
13,79,3,snake013.png,2,8,76
13,80,1,face003.png,2,8,9
13,82,1,face017.png,4,6,40
14,1,3,snake013.png,1,9,76
14,2,2,flower018.png,9,9,61
14,3,2,flower009.png,9,9,52
14,4,3,snake006.png,1,9,69
14,6,1,face013.png,3,9,33
14,8,2,flower008.png,9,9,51
14,9,1,face014.png,2,9,37
14,10,1,face009.png,1,9,18
14,12,3,snake010.png,1,9,73
14,13,2,flower007.png,9,9,50
14,14,2,flower003.png,8,7,46
14,15,2,flower011.png,9,9,54
14,16,2,flower004.png,9,9,47
14,17,3,snake011.png,1,9,74
14,18,1,face019.png,5,6,42
14,19,2,flower014.png,9,9,57
14,20,1,face008.png,3,7,17
14,23,3,snake004.png,1,9,67
14,25,2,flower020.png,9,9,63
14,26,1,face020.png,2,8,43
14,28,3,snake018.png,1,9,81
14,30,2,flower002.png,7,7,45
14,31,2,flower010.png,8,7,53
14,32,2,flower015.png,8,9,58
14,33,2,flower016.png,8,8,59
14,35,1,face004.png,2,7,10
14,36,3,snake017.png,1,9,80
14,37,1,face018.png,3,7,41
14,40,1,face001.png,2,9,3
14,41,2,flower005.png,9,7,48
14,42,1,face003.png,1,9,9
14,43,1,face002.png,1,7,5
14,45,3,snake002.png,9,9,65
14,47,3,snake014.png,1,9,77
14,49,3,snake019.png,1,9,82
14,50,3,snake003.png,1,6,66
14,52,1,face007.png,2,2,14
14,53,3,snake009.png,1,6,72
14,54,3,snake001.png,1,7,64
14,55,1,face006.png,1,9,12
14,57,2,flower017.png,9,5,60
14,58,3,snake020.png,1,5,83
14,59,1,face011.png,1,8,29
14,61,2,flower012.png,9,5,55
14,62,3,snake005.png,1,5,68
14,63,3,snake015.png,1,5,78
14,64,1,face016.png,2,9,39
14,65,1,face010.png,2,8,27
14,66,3,snake008.png,1,5,71
14,67,1,face012.png,2,2,32
14,69,1,face015.png,2,9,38
14,71,1,face017.png,2,8,40
14,72,2,flower001.png,9,5,44
14,73,3,snake016.png,1,5,79
14,74,2,flower013.png,9,5,56
14,75,1,face005.png,2,7,11
14,76,3,snake007.png,5,5,70
14,77,3,snake012.png,2,5,75
14,81,2,flower006.png,9,5,49
14,83,2,flower019.png,9,5,62
15,1,2,flower003.png,4,3,46
15,4,2,flower004.png,6,4,47
15,5,3,snake014.png,3,3,77
15,6,1,face013.png,2,8,33
15,7,2,flower015.png,6,4,58
15,8,1,face017.png,3,7,40
15,9,2,flower013.png,5,5,56
15,10,1,face020.png,1,8,43
15,11,3,snake016.png,3,7,79
15,12,1,face012.png,2,8,32
15,13,2,flower006.png,6,6,49
15,14,3,snake006.png,2,8,69
15,15,3,snake017.png,3,7,80
15,16,2,flower014.png,7,7,57
15,18,2,flower008.png,8,6,51
15,19,2,flower001.png,8,7,44
15,20,3,snake008.png,2,8,71
15,21,1,face005.png,2,6,11
15,22,3,snake020.png,2,9,83
15,23,3,snake012.png,2,7,75
15,24,3,snake003.png,2,9,66
15,25,1,face007.png,1,8,14
15,27,2,flower019.png,8,6,62
15,28,3,snake002.png,2,7,65
15,29,3,snake001.png,2,8,64
15,30,1,face002.png,3,7,5
15,31,3,snake019.png,2,8,82
15,36,1,face010.png,2,7,27
15,37,1,face004.png,1,9,10
15,40,3,snake011.png,2,7,74
15,41,2,flower005.png,7,8,48
15,42,2,flower002.png,8,7,45
15,43,2,flower020.png,9,8,63
15,44,2,flower010.png,7,7,53
15,45,3,snake005.png,2,2,68
15,46,1,face019.png,3,8,42
15,55,3,snake018.png,2,7,81
15,56,3,snake004.png,2,7,67
15,58,3,snake010.png,2,2,73
15,59,3,snake015.png,2,8,78
15,60,2,flower011.png,6,7,54
15,62,1,face015.png,2,8,38
15,63,1,face016.png,1,9,39
15,64,2,flower012.png,8,7,55
15,65,1,face008.png,2,8,17
15,66,2,flower018.png,7,8,61
15,67,1,face014.png,2,7,37
15,68,1,face018.png,2,8,41
15,69,1,face011.png,3,7,29
15,70,1,face006.png,3,8,12
15,71,2,flower017.png,6,5,60
15,72,2,flower016.png,8,7,59
15,73,3,snake009.png,2,8,72
15,74,3,snake013.png,2,8,76
15,75,1,face003.png,2,8,9
15,76,2,flower009.png,7,7,52
15,78,1,face001.png,2,7,3
15,79,3,snake007.png,3,7,70
15,80,2,flower007.png,7,6,50
15,82,1,face009.png,2,8,18
16,1,3,snake005.png,1,9,68
16,2,2,flower011.png,9,9,54
16,3,1,face017.png,3,3,40
16,4,3,snake004.png,1,9,67
16,5,2,flower006.png,9,9,49
16,6,3,snake008.png,1,9,71
16,7,2,flower015.png,9,9,58
16,8,1,face015.png,2,8,38
16,9,1,face003.png,1,9,9
16,11,2,flower020.png,9,9,63
16,12,2,flower012.png,9,9,55
16,13,1,face016.png,1,9,39
16,14,1,face008.png,3,6,17
16,15,3,snake013.png,1,9,76
16,17,3,snake012.png,1,9,75
16,18,3,snake007.png,1,9,70
16,19,1,face001.png,4,5,3
16,21,2,flower009.png,9,8,52
16,22,2,flower001.png,8,8,44
16,23,2,flower014.png,7,8,57
16,24,2,flower019.png,7,9,62
16,26,2,flower007.png,9,9,50
16,27,2,flower003.png,6,6,46
16,28,3,snake020.png,1,9,83
16,31,3,snake010.png,1,9,73
16,33,1,face007.png,4,6,14
16,35,1,face018.png,4,7,41
16,37,2,flower018.png,8,9,61
16,38,3,snake016.png,1,9,79
16,42,1,face020.png,3,7,43
16,43,1,face010.png,3,7,27
16,44,2,flower008.png,9,9,51
16,45,2,flower016.png,8,8,59
16,46,3,snake014.png,1,9,77
16,48,2,flower002.png,7,7,45
16,49,3,snake011.png,1,9,74
16,50,3,snake002.png,1,9,65
16,51,1,face012.png,3,7,32
16,52,2,flower004.png,9,9,47
16,56,3,snake009.png,1,9,72
16,58,3,snake017.png,1,9,80
16,59,1,face013.png,4,7,33
16,60,1,face002.png,4,7,5
16,61,1,face014.png,4,7,37
16,62,1,face011.png,4,7,29
16,64,1,face006.png,4,7,12
16,65,2,flower017.png,9,9,60
16,66,3,snake006.png,1,9,69
16,67,3,snake018.png,1,9,81
16,69,3,snake001.png,1,9,64
16,70,1,face009.png,3,7,18
16,71,2,flower010.png,8,8,53
16,72,1,face004.png,3,7,10
16,73,2,flower013.png,8,8,56
16,77,3,snake019.png,1,9,82
16,78,3,snake015.png,1,9,78
16,79,2,flower005.png,9,9,48
16,80,1,face019.png,3,7,42
16,81,1,face005.png,3,7,11
16,82,3,snake003.png,1,9,66
17,1,2,flower010.png,9,5,53
17,2,1,face006.png,1,9,12
17,5,3,snake016.png,5,5,79
17,6,3,snake006.png,5,5,69
17,7,1,face017.png,2,7,40
17,8,1,face005.png,2,7,11
17,9,3,snake002.png,5,5,65
17,10,3,snake007.png,5,5,70
17,11,3,snake019.png,5,5,82
17,13,1,face018.png,1,8,41
17,16,2,flower013.png,8,6,56
17,17,1,face009.png,1,8,18
17,18,3,snake010.png,5,5,73
17,19,2,flower004.png,7,6,47
17,21,2,flower002.png,7,5,45
17,23,3,snake015.png,5,5,78
17,24,2,flower007.png,7,7,50
17,25,1,face013.png,3,7,33
17,26,1,face011.png,3,7,29
17,27,2,flower006.png,7,6,49
17,28,1,face014.png,2,7,37
17,31,3,snake013.png,5,5,76
17,32,2,flower019.png,5,5,62
17,33,1,face003.png,1,9,9
17,34,3,snake003.png,5,5,66
17,35,3,snake004.png,5,5,67
17,36,2,flower011.png,7,6,54
17,37,1,face016.png,1,7,39
17,38,3,snake018.png,6,5,81
17,40,1,face010.png,4,5,27
17,41,1,face019.png,6,6,42
17,42,1,face007.png,4,6,14
17,44,2,flower005.png,6,6,48
17,46,2,flower018.png,7,7,61
17,47,3,snake005.png,8,5,68
17,50,1,face001.png,2,8,3
17,52,2,flower008.png,7,8,51
17,55,2,flower017.png,7,6,60
17,56,3,snake011.png,5,6,74
17,57,1,face004.png,2,8,10
17,59,2,flower009.png,5,5,52
17,60,3,snake009.png,6,6,72
17,61,3,snake001.png,5,5,64
17,62,2,flower012.png,7,8,55
17,64,3,snake014.png,6,6,77
17,65,1,face012.png,4,6,32
17,66,2,flower001.png,5,5,44
17,69,1,face020.png,2,8,43
17,70,3,snake012.png,5,5,75
17,71,1,face002.png,4,6,5
17,72,2,flower016.png,6,5,59
17,74,2,flower003.png,4,5,46
17,75,2,flower015.png,6,5,58
17,76,1,face015.png,4,7,38
17,77,2,flower020.png,7,7,63
17,78,3,snake008.png,3,3,71
17,79,1,face008.png,4,5,17
17,80,3,snake020.png,4,5,83
17,81,3,snake017.png,6,5,80
17,83,2,flower014.png,5,5,57
18,1,2,flower016.png,9,9,59
18,2,1,face007.png,2,8,14
18,4,2,flower003.png,6,3,46
18,6,2,flower001.png,8,4,44
18,7,1,face020.png,1,8,43
18,9,1,face017.png,1,8,40
18,10,1,face014.png,1,6,37
18,11,3,snake006.png,3,3,69
18,14,2,flower018.png,6,4,61
18,15,3,snake016.png,1,5,79
18,16,3,snake019.png,1,5,82
18,17,1,face001.png,2,4,3
18,18,3,snake005.png,1,2,68
18,19,1,face010.png,3,3,27
18,21,3,snake015.png,2,8,78
18,23,3,snake008.png,4,2,71
18,24,3,snake011.png,4,4,74
18,27,3,snake014.png,2,3,77
18,28,1,face003.png,1,9,9
18,29,1,face011.png,4,7,29
18,30,2,flower019.png,8,8,62
18,32,2,flower006.png,8,9,49
18,34,2,flower013.png,9,7,56
18,35,1,face015.png,2,8,38
18,37,3,snake002.png,5,7,65
18,38,3,snake004.png,5,7,67
18,40,1,face002.png,2,8,5
18,41,3,snake018.png,1,9,81
18,43,3,snake003.png,2,8,66
18,44,2,flower011.png,9,8,54
18,45,1,face019.png,1,9,42
18,46,1,face006.png,1,9,12
18,47,3,snake012.png,4,9,75
18,49,3,snake007.png,5,2,70
18,50,2,flower005.png,8,8,48
18,51,3,snake001.png,3,8,64
18,52,2,flower010.png,9,6,53
18,53,3,snake013.png,5,8,76
18,54,1,face016.png,1,9,39
18,55,1,face013.png,1,8,33
18,56,2,flower015.png,8,8,58
18,57,1,face008.png,1,9,17
18,59,2,flower004.png,9,8,47
18,60,2,flower008.png,9,9,51
18,61,2,flower012.png,9,9,55
18,62,2,flower009.png,8,6,52
18,65,3,snake009.png,1,9,72
18,66,1,face009.png,1,9,18
18,70,2,flower002.png,7,7,45
18,71,3,snake017.png,4,8,80
18,72,1,face004.png,1,9,10
18,73,1,face005.png,1,9,11
18,74,3,snake010.png,1,9,73
18,75,2,flower017.png,8,9,60
18,77,1,face012.png,2,6,32
18,78,3,snake020.png,1,9,83
18,79,2,flower007.png,9,9,50
18,80,2,flower020.png,9,9,63
18,81,2,flower014.png,9,9,57
18,83,1,face018.png,1,9,41
19,1,3,snake008.png,1,9,71
19,3,3,snake001.png,1,9,64
19,4,2,flower008.png,7,4,51
19,9,3,snake017.png,1,9,80
19,11,2,flower016.png,6,3,59
19,12,2,flower015.png,7,4,58
19,13,3,snake020.png,1,8,83
19,14,1,face006.png,1,8,12
19,15,2,flower003.png,5,2,46
19,16,1,face011.png,5,5,29
19,17,2,flower010.png,6,1,53
19,18,3,snake003.png,1,9,66
19,19,1,face007.png,4,6,14
19,20,1,face016.png,2,7,39
19,21,2,flower006.png,8,9,49
19,22,2,flower013.png,7,5,56
19,23,2,flower018.png,9,9,61
19,24,1,face008.png,3,9,17
19,25,1,face018.png,1,6,41
19,26,3,snake015.png,9,1,78
19,27,2,flower011.png,8,9,54
19,28,1,face003.png,2,7,9
19,29,1,face010.png,5,3,27
19,30,2,flower005.png,6,2,48
19,31,1,face009.png,2,8,18
19,32,1,face012.png,3,7,32
19,33,2,flower019.png,6,5,62
19,34,2,flower014.png,5,2,57
19,35,1,face020.png,2,8,43
19,36,2,flower002.png,5,2,45
19,38,3,snake019.png,1,6,82
19,39,3,snake010.png,1,5,73
19,42,2,flower007.png,8,7,50
19,44,3,snake005.png,1,6,68
19,47,2,flower004.png,6,2,47
19,48,1,face002.png,2,7,5
19,49,1,face001.png,2,5,3
19,50,2,flower009.png,7,8,52
19,51,3,snake007.png,1,7,70
19,52,3,snake011.png,1,9,74
19,53,3,snake018.png,1,9,81
19,55,2,flower012.png,9,6,55
19,56,1,face014.png,2,6,37
19,57,3,snake009.png,1,7,72
19,58,2,flower020.png,8,6,63
19,60,2,flower017.png,7,3,60
19,62,1,face019.png,5,4,42
19,64,3,snake002.png,1,7,65
19,66,3,snake013.png,1,9,76
19,67,3,snake006.png,1,9,69
19,69,3,snake012.png,1,6,75
19,70,1,face004.png,3,7,10
19,71,1,face015.png,1,3,38
19,73,1,face017.png,4,3,40
19,75,3,snake014.png,1,9,77
19,78,3,snake016.png,1,9,79
19,79,3,snake004.png,1,5,67
19,81,2,flower001.png,9,6,44
19,82,1,face005.png,4,3,11
19,83,1,face013.png,5,3,33
20,1,2,flower015.png,7,8,58
20,2,2,flower016.png,8,7,59
20,3,1,face013.png,2,8,33
20,4,1,face011.png,1,9,29
20,5,3,snake018.png,3,6,81
20,6,1,face018.png,2,7,41
20,7,3,snake003.png,3,6,66
20,8,3,snake011.png,3,6,74
20,9,1,face005.png,2,8,11
20,10,2,flower011.png,7,6,54
20,11,3,snake001.png,3,6,64
20,13,1,face007.png,1,9,14
20,14,2,flower003.png,6,5,46
20,15,2,flower020.png,8,7,63
20,16,3,snake010.png,2,6,73
20,17,1,face004.png,3,8,10
20,18,1,face016.png,1,9,39
20,19,2,flower018.png,6,7,61
20,20,3,snake016.png,4,5,79
20,21,3,snake015.png,4,5,78
20,22,2,flower005.png,6,6,48
20,24,3,snake002.png,2,7,65
20,27,2,flower006.png,6,4,49
20,28,3,snake009.png,4,6,72
20,29,3,snake008.png,3,7,71
20,32,1,face019.png,3,6,42
20,34,2,flower004.png,5,6,47
20,35,3,snake014.png,4,4,77
20,36,2,flower010.png,5,5,53
20,38,1,face006.png,3,7,12
20,39,1,face017.png,3,7,40
20,41,3,snake004.png,3,6,67
20,42,3,snake017.png,3,4,80
20,43,1,face009.png,2,7,18
20,45,1,face012.png,3,7,32
20,46,3,snake005.png,5,7,68
20,47,1,face002.png,4,6,5
20,48,1,face015.png,4,6,38
20,49,1,face001.png,2,8,3
20,51,2,flower013.png,5,3,56
20,54,2,flower001.png,6,6,44
20,55,3,snake020.png,4,6,83
20,57,3,snake007.png,5,5,70
20,58,3,snake013.png,3,7,76
20,60,2,flower002.png,5,2,45
20,61,2,flower019.png,6,7,62
20,62,1,face010.png,4,2,27
20,64,2,flower008.png,5,4,51
20,66,3,snake012.png,4,5,75
20,68,2,flower009.png,5,3,52
20,69,3,snake019.png,4,4,82
20,71,2,flower017.png,5,3,60
20,73,2,flower012.png,6,4,55
20,74,1,face020.png,3,8,43
20,75,1,face003.png,2,9,9
20,76,2,flower007.png,7,7,50
20,77,1,face014.png,3,7,37
20,78,2,flower014.png,5,2,57
20,82,3,snake006.png,5,5,69
20,83,1,face008.png,4,8,17
21,2,3,snake014.png,1,9,77
21,3,3,snake006.png,1,9,69
21,4,1,face016.png,1,7,39
21,5,3,snake005.png,1,9,68
21,6,2,flower005.png,9,8,48
21,8,1,face006.png,1,8,12
21,10,3,snake003.png,1,9,66
21,12,1,face008.png,2,7,17
21,13,2,flower006.png,9,8,49
21,14,1,face002.png,3,6,5
21,15,1,face007.png,2,7,14
21,16,2,flower011.png,9,7,54
21,17,3,snake012.png,1,9,75
21,18,3,snake011.png,1,9,74
21,19,1,face011.png,1,7,29
21,20,2,flower002.png,8,7,45
21,21,2,flower001.png,9,9,44
21,24,3,snake016.png,1,9,79
21,26,3,snake007.png,1,9,70
21,27,3,snake013.png,1,9,76
21,28,2,flower015.png,8,5,58
21,30,1,face009.png,1,6,18
21,31,1,face001.png,1,8,3
21,32,2,flower007.png,9,9,50
21,33,2,flower003.png,8,6,46
21,35,3,snake010.png,1,9,73
21,37,1,face003.png,2,9,9
21,38,1,face019.png,2,9,42
21,40,2,flower008.png,8,7,51
21,42,1,face015.png,2,9,38
21,44,2,flower013.png,7,7,56
21,45,2,flower019.png,9,7,62
21,46,1,face014.png,2,8,37
21,47,2,flower016.png,9,8,59
21,48,2,flower017.png,9,9,60
21,49,2,flower004.png,8,8,47
21,50,3,snake004.png,1,9,67
21,51,2,flower020.png,9,9,63
21,54,3,snake009.png,1,9,72
21,55,2,flower018.png,7,6,61
21,56,3,snake001.png,1,9,64
21,59,2,flower009.png,6,7,52
21,61,1,face013.png,3,3,33
21,63,3,snake018.png,1,9,81
21,64,1,face005.png,4,8,11
21,65,1,face004.png,2,9,10
21,67,1,face010.png,2,8,27
21,68,3,snake008.png,1,9,71
21,70,3,snake017.png,1,9,80
21,71,2,flower014.png,7,9,57
21,72,1,face020.png,1,9,43
21,73,1,face018.png,2,9,41
21,75,1,face017.png,2,8,40
21,76,2,flower010.png,7,6,53
21,77,3,snake002.png,1,9,65
21,79,2,flower012.png,9,9,55
21,80,3,snake015.png,1,9,78
21,81,3,snake019.png,1,9,82
21,82,3,snake020.png,1,9,83
21,83,1,face012.png,1,8,32
22,1,2,flower015.png,9,9,58
22,2,3,snake008.png,1,1,71
22,3,1,face003.png,2,3,9
22,5,2,flower020.png,5,5,63
22,7,3,snake017.png,1,3,80
22,8,1,face006.png,1,9,12
22,10,2,flower012.png,9,7,55
22,11,2,flower011.png,7,6,54
22,13,1,face010.png,1,7,27
22,14,2,flower009.png,9,9,52
22,15,1,face005.png,1,5,11
22,16,3,snake002.png,1,5,65
22,18,1,face004.png,1,9,10
22,19,1,face019.png,4,9,42
22,21,3,snake001.png,1,9,64
22,22,1,face001.png,1,7,3
22,24,1,face013.png,1,9,33
22,25,2,flower003.png,5,5,46
22,26,2,flower005.png,9,9,48
22,27,2,flower007.png,6,7,50
22,28,2,flower001.png,5,7,44
22,29,1,face009.png,1,9,18
22,31,1,face007.png,3,7,14
22,33,1,face014.png,1,9,37
22,35,2,flower018.png,7,7,61
22,37,3,snake018.png,1,9,81
22,39,3,snake007.png,1,7,70
22,40,3,snake012.png,1,6,75
22,41,3,snake013.png,1,7,76
22,42,1,face008.png,1,8,17
22,44,1,face018.png,1,8,41
22,45,3,snake003.png,1,6,66
22,47,2,flower019.png,7,8,62
22,48,3,snake009.png,1,4,72
22,49,3,snake004.png,1,6,67
22,50,1,face016.png,1,8,39
22,51,1,face020.png,1,7,43
22,52,1,face011.png,1,8,29
22,53,2,flower017.png,7,7,60
22,54,2,flower002.png,6,7,45
22,55,2,flower016.png,6,7,59
22,56,2,flower013.png,6,7,56
22,57,1,face015.png,1,7,38
22,58,3,snake014.png,1,9,77
22,60,1,face002.png,4,6,5
22,63,3,snake015.png,1,9,78
22,64,3,snake020.png,1,9,83
22,65,3,snake016.png,1,8,79
22,66,3,snake010.png,1,7,73
22,67,3,snake019.png,1,7,82
22,69,2,flower010.png,4,5,53
22,70,3,snake005.png,3,8,68
22,72,2,flower008.png,7,8,51
22,73,2,flower004.png,9,9,47
22,75,3,snake006.png,1,9,69
22,76,3,snake011.png,2,8,74
22,78,2,flower006.png,8,8,49
22,80,1,face017.png,5,5,40
22,82,2,flower014.png,7,7,57
22,83,1,face012.png,1,9,32
23,1,2,flower003.png,7,3,46
23,2,3,snake010.png,1,9,73
23,3,1,face005.png,2,6,11
23,4,1,face016.png,2,8,39
23,5,2,flower014.png,6,3,57
23,6,2,flower015.png,4,4,58
23,8,3,snake008.png,1,9,71
23,10,3,snake019.png,1,9,82
23,11,2,flower005.png,6,1,48
23,12,2,flower018.png,8,4,61
23,13,1,face007.png,3,7,14
23,14,2,flower007.png,7,3,50
23,15,1,face020.png,4,3,43
23,16,1,face017.png,2,7,40
23,17,3,snake004.png,1,9,67
23,23,3,snake002.png,1,9,65
23,28,2,flower002.png,7,7,45
23,29,3,snake015.png,1,9,78
23,30,1,face014.png,3,3,37
23,31,3,snake003.png,4,7,66
23,33,2,flower020.png,3,5,63
23,34,2,flower010.png,6,3,53
23,35,3,snake013.png,1,9,76
23,36,1,face003.png,1,6,9
23,38,1,face012.png,2,5,32
23,39,1,face006.png,3,1,12
23,40,1,face019.png,5,1,42
23,42,1,face004.png,3,2,10
23,43,1,face015.png,4,4,38
23,44,1,face001.png,3,2,3
23,45,2,flower006.png,4,1,49
23,47,1,face009.png,3,3,18
23,48,2,flower009.png,6,1,52
23,49,1,face002.png,5,1,5
23,50,3,snake011.png,1,9,74
23,51,3,snake014.png,1,9,77
23,52,3,snake009.png,1,9,72
23,56,2,flower004.png,5,1,47
23,57,1,face013.png,5,1,33
23,58,3,snake020.png,1,9,83
23,59,3,snake007.png,1,9,70
23,60,2,flower008.png,9,9,51
23,63,2,flower013.png,9,9,56
23,64,2,flower017.png,8,8,60
23,65,3,snake018.png,1,9,81
23,66,3,snake016.png,1,9,79
23,67,2,flower001.png,9,9,44
23,68,2,flower019.png,6,3,62
23,69,3,snake006.png,1,9,69
23,70,1,face008.png,5,1,17
23,72,1,face010.png,3,3,27
23,74,2,flower016.png,4,2,59
23,75,2,flower012.png,9,9,55
23,76,3,snake012.png,1,9,75
23,77,3,snake005.png,3,7,68
23,78,3,snake017.png,1,9,80
23,79,2,flower011.png,4,1,54
23,80,1,face011.png,3,6,29
23,81,3,snake001.png,1,9,64
23,83,1,face018.png,3,6,41
24,1,1,face016.png,1,8,39
24,3,1,face010.png,4,6,27
24,4,3,snake005.png,2,3,68
24,5,2,flower004.png,5,1,47
24,7,2,flower019.png,5,1,62
24,8,3,snake013.png,3,3,76
24,9,1,face004.png,3,6,10
24,11,1,face015.png,2,7,38
24,12,2,flower011.png,6,3,54
24,15,1,face009.png,2,8,18
24,16,3,snake012.png,3,8,75
24,17,1,face003.png,1,8,9
24,18,2,flower001.png,6,2,44
24,19,2,flower014.png,6,2,57
24,20,1,face005.png,3,6,11
24,23,2,flower009.png,5,1,52
24,24,3,snake016.png,3,6,79
24,26,1,face007.png,3,7,14
24,27,3,snake007.png,2,7,70
24,28,1,face019.png,1,7,42
24,29,1,face011.png,1,8,29
24,30,1,face014.png,2,7,37
24,33,3,snake020.png,1,8,83
24,35,2,flower020.png,7,4,63
24,36,1,face002.png,4,6,5
24,37,3,snake010.png,2,5,73
24,38,3,snake017.png,4,6,80
24,39,3,snake014.png,3,6,77
24,40,1,face006.png,2,7,12
24,41,2,flower006.png,5,1,49
24,42,3,snake004.png,2,7,67
24,43,1,face017.png,1,8,40
24,44,2,flower017.png,7,6,60
24,45,2,flower013.png,5,1,56
24,49,3,snake011.png,3,6,74
24,50,3,snake002.png,3,6,65
24,52,3,snake018.png,1,8,81
24,53,1,face020.png,1,8,43
24,54,2,flower003.png,3,3,46
24,55,2,flower015.png,6,6,58
24,56,1,face008.png,2,8,17
24,58,2,flower008.png,6,3,51
24,61,3,snake019.png,2,7,82
24,62,3,snake006.png,4,4,69
24,63,1,face012.png,1,7,32
24,64,2,flower016.png,6,4,59
24,66,2,flower002.png,6,3,45
24,68,3,snake003.png,6,3,66
24,70,1,face018.png,2,8,41
24,71,2,flower012.png,7,7,55
24,72,2,flower007.png,8,7,50
24,73,2,flower010.png,5,1,53
24,74,3,snake001.png,2,7,64
24,77,3,snake008.png,4,3,71
24,78,2,flower005.png,5,2,48
24,79,3,snake015.png,2,8,78
24,80,3,snake009.png,2,6,72
24,81,1,face001.png,2,7,3
24,82,1,face013.png,2,7,33
24,83,2,flower018.png,5,1,61
25,1,2,flower020.png,8,9,63
25,2,2,flower016.png,7,6,59
25,3,3,snake017.png,3,7,80
25,5,1,face012.png,4,5,32
25,6,1,face018.png,5,4,41
25,7,2,flower005.png,7,4,48
25,9,1,face011.png,5,4,29
25,10,3,snake019.png,2,8,82
25,12,1,face015.png,4,4,38
25,13,1,face002.png,4,6,5
25,15,1,face001.png,4,5,3
25,16,1,face004.png,5,4,10
25,17,2,flower013.png,6,3,56
25,20,1,face009.png,3,6,18
25,21,3,snake015.png,3,6,78
25,24,3,snake006.png,3,6,69
25,25,3,snake013.png,2,7,76
25,26,3,snake012.png,2,8,75
25,27,2,flower004.png,8,7,47
25,28,2,flower011.png,8,8,54
25,30,2,flower010.png,6,4,53
25,31,3,snake018.png,2,8,81
25,33,1,face020.png,3,8,43
25,34,2,flower012.png,8,7,55
25,35,3,snake005.png,3,5,68
25,36,2,flower018.png,7,5,61
25,39,2,flower008.png,7,5,51
25,40,1,face008.png,5,5,17
25,41,2,flower014.png,7,4,57
25,42,1,face006.png,3,7,12
25,43,1,face014.png,4,6,37
25,44,2,flower003.png,5,3,46
25,46,2,flower001.png,7,4,44
25,47,2,flower002.png,6,5,45
25,49,3,snake010.png,2,8,73
25,50,1,face017.png,5,6,40
25,51,1,face016.png,2,8,39
25,52,3,snake014.png,1,9,77
25,53,1,face010.png,4,7,27
25,57,3,snake001.png,1,9,64
25,58,1,face013.png,4,7,33
25,59,3,snake004.png,1,9,67
25,60,1,face019.png,3,7,42
25,61,2,flower017.png,6,3,60
25,62,1,face005.png,4,6,11
25,64,1,face003.png,3,7,9
25,66,2,flower015.png,8,7,58
25,67,2,flower019.png,7,4,62
25,68,3,snake008.png,2,8,71
25,69,3,snake016.png,1,9,79
25,70,1,face007.png,3,5,14
25,73,3,snake011.png,3,8,74
25,74,3,snake003.png,1,9,66
25,75,3,snake020.png,1,9,83
25,76,2,flower009.png,5,5,52
25,77,2,flower007.png,6,5,50
25,78,3,snake002.png,2,9,65
25,80,3,snake007.png,2,7,70
25,81,3,snake009.png,1,9,72
25,82,2,flower006.png,8,7,49
26,1,1,face008.png,3,9,17
26,2,2,flower013.png,8,5,56
26,3,3,snake020.png,2,7,83
26,4,2,flower010.png,9,4,53
26,5,2,flower015.png,7,8,58
26,7,2,flower011.png,7,6,54
26,8,2,flower020.png,7,6,63
26,9,3,snake010.png,3,3,73
26,11,1,face014.png,2,9,37
26,13,2,flower007.png,8,8,50
26,14,1,face012.png,1,9,32
26,15,3,snake002.png,3,8,65
26,16,2,flower008.png,7,6,51
26,17,1,face010.png,1,8,27
26,18,1,face017.png,1,9,40
26,19,1,face007.png,1,9,14
26,21,1,face005.png,1,7,11
26,23,2,flower002.png,7,8,45
26,24,2,flower003.png,7,7,46
26,26,3,snake014.png,3,7,77
26,27,3,snake011.png,3,1,74
26,29,3,snake005.png,1,8,68
26,30,2,flower019.png,8,8,62
26,31,1,face018.png,1,9,41
26,32,2,flower004.png,8,6,47
26,33,1,face020.png,1,9,43
26,35,1,face002.png,1,9,5
26,38,1,face009.png,1,9,18
26,39,1,face015.png,1,9,38
26,41,2,flower016.png,8,7,59
26,42,2,flower001.png,8,8,44
26,44,1,face004.png,1,8,10
26,45,3,snake003.png,3,8,66
26,46,3,snake013.png,1,8,76
26,47,1,face003.png,1,9,9
26,48,2,flower006.png,8,8,49
26,49,2,flower009.png,7,7,52
26,50,3,snake007.png,1,7,70
26,52,1,face013.png,1,9,33
26,53,1,face019.png,1,9,42
26,56,3,snake019.png,3,8,82
26,57,3,snake015.png,1,1,78
26,58,1,face006.png,1,9,12
26,59,3,snake009.png,1,8,72
26,61,1,face011.png,1,9,29
26,62,3,snake018.png,3,8,81
26,64,3,snake006.png,1,9,69
26,65,3,snake017.png,1,9,80
26,66,3,snake012.png,1,9,75
26,67,2,flower005.png,8,8,48
26,68,2,flower012.png,9,9,55
26,69,2,flower014.png,8,8,57
26,70,3,snake004.png,1,9,67
26,73,3,snake008.png,1,9,71
26,74,2,flower018.png,9,9,61
26,76,3,snake001.png,3,7,64
26,77,2,flower017.png,8,7,60
26,79,1,face001.png,1,9,3
26,81,3,snake016.png,3,7,79
26,83,1,face016.png,1,9,39
27,1,1,face008.png,2,8,17
27,2,1,face011.png,2,9,29
27,5,2,flower016.png,8,7,59
27,7,1,face003.png,1,9,9
27,8,3,snake007.png,1,9,70
27,9,1,face010.png,2,8,27
27,10,2,flower015.png,8,9,58
27,11,2,flower014.png,8,9,57
27,12,2,flower012.png,9,9,55
27,13,1,face016.png,1,9,39
27,14,2,flower011.png,8,9,54
27,15,1,face002.png,2,7,5
27,16,3,snake009.png,1,9,72
27,17,2,flower002.png,8,9,45
27,18,1,face019.png,2,8,42
27,19,2,flower020.png,7,8,63
27,20,1,face004.png,2,8,10
27,21,3,snake015.png,1,1,78
27,22,2,flower004.png,8,9,47
27,23,1,face013.png,2,8,33
27,27,2,flower003.png,8,9,46
27,28,2,flower005.png,8,9,48
27,29,3,snake013.png,2,8,76
27,30,1,face007.png,2,9,14
27,32,3,snake001.png,2,7,64
27,34,2,flower001.png,8,6,44
27,35,3,snake010.png,1,9,73
27,36,3,snake002.png,1,9,65
27,38,3,snake017.png,1,8,80
27,39,1,face017.png,2,8,40
27,40,2,flower008.png,8,9,51
27,41,3,snake016.png,2,9,79
27,43,2,flower006.png,8,9,49
27,46,2,flower019.png,8,9,62
27,47,1,face005.png,2,9,11
27,49,2,flower007.png,8,9,50
27,53,3,snake019.png,1,9,82
27,54,3,snake008.png,2,9,71
27,55,3,snake014.png,2,9,77
27,56,2,flower010.png,8,9,53
27,57,1,face014.png,2,9,37
27,58,1,face001.png,8,9,3
27,60,2,flower018.png,9,9,61
27,61,1,face012.png,1,9,32
27,62,3,snake004.png,2,9,67
27,63,3,snake020.png,2,9,83
27,65,3,snake006.png,1,8,69
27,66,3,snake011.png,1,8,74
27,67,3,snake012.png,1,8,75
27,68,3,snake005.png,1,8,68
27,72,3,snake003.png,1,8,66
27,73,1,face006.png,1,9,12
27,75,2,flower017.png,8,8,60
27,76,1,face018.png,1,8,41
27,77,3,snake018.png,1,8,81
27,78,1,face020.png,1,9,43
27,79,2,flower009.png,8,8,52
27,80,1,face009.png,1,9,18
27,81,1,face015.png,1,9,38
27,82,2,flower013.png,8,9,56
28,1,1,face020.png,3,9,43
28,2,1,face016.png,2,9,39
28,3,2,flower013.png,7,5,56
28,4,2,flower016.png,8,6,59
28,6,2,flower003.png,6,5,46
28,8,1,face001.png,2,8,3
28,11,3,snake002.png,2,8,65
28,13,1,face013.png,3,8,33
28,14,2,flower019.png,7,6,62
28,15,1,face002.png,3,5,5
28,16,1,face018.png,3,6,41
28,17,3,snake014.png,2,7,77
28,18,3,snake010.png,2,7,73
28,19,1,face004.png,3,7,10
28,20,1,face012.png,3,7,32
28,22,3,snake011.png,2,8,74
28,23,1,face011.png,2,7,29
28,24,1,face007.png,2,8,14
28,25,2,flower020.png,8,8,63
28,26,2,flower005.png,8,8,48
28,27,2,flower004.png,7,7,47
28,28,2,flower011.png,7,7,54
28,29,1,face010.png,3,6,27
28,31,1,face003.png,1,8,9
28,32,2,flower015.png,7,7,58
28,33,3,snake001.png,2,7,64
28,34,2,flower007.png,5,5,50
28,35,3,snake008.png,3,6,71
28,36,2,flower009.png,5,6,52
28,38,3,snake006.png,3,6,69
28,39,3,snake005.png,2,9,68
28,41,2,flower017.png,6,6,60
28,42,2,flower018.png,7,7,61
28,44,3,snake016.png,2,8,79
28,47,2,flower006.png,7,7,49
28,50,3,snake015.png,2,7,78
28,51,3,snake012.png,2,7,75
28,52,1,face017.png,3,7,40
28,53,1,face014.png,3,7,37
28,54,2,flower012.png,7,7,55
28,55,2,flower008.png,6,7,51
28,56,3,snake013.png,2,7,76
28,57,3,snake017.png,2,7,80
28,59,1,face009.png,2,7,18
28,61,2,flower001.png,6,6,44
28,63,2,flower002.png,6,6,45
28,64,1,face019.png,2,8,42
28,65,3,snake007.png,2,7,70
28,66,1,face008.png,3,6,17
28,68,3,snake020.png,2,8,83
28,70,3,snake019.png,2,7,82
28,72,3,snake009.png,2,6,72
28,73,3,snake018.png,2,6,81
28,75,3,snake004.png,2,7,67
28,76,2,flower014.png,6,6,57
28,77,1,face006.png,3,7,12
28,78,3,snake003.png,2,6,66
28,79,1,face005.png,3,5,11
28,82,2,flower010.png,6,7,53
28,83,1,face015.png,2,7,38